{"cameraMode":{"drawMode":0,"name":"Shaded","section":"Shading Mode"},"sceneLighting":true,"audioPlay":false,"sceneViewState":{"m_AlwaysRefresh":false,"showFog":true,"showSkybox":true,"showFlares":true,"showImageEffects":true,"showParticleSystems":true,"showVisualEffectGraphs":true,"m_FxEnabled":true},"in2DMode":false,"pivot":{"x":19.085676193237306,"y":-121.03009033203125,"z":-88.1336669921875},"rotation":{"x":-0.03896068036556244,"y":0.04526142030954361,"z":-0.001757184974849224,"w":-0.9982200860977173},"size":71.63092803955078,"orthographic":false}