{"cameraMode":{"drawMode":0,"name":"Shaded","section":"Shading Mode"},"sceneLighting":false,"audioPlay":false,"sceneViewState":{"m_AlwaysRefresh":false,"showFog":true,"showSkybox":false,"showFlares":true,"showImageEffects":true,"showParticleSystems":true,"showVisualEffectGraphs":true,"m_FxEnabled":true},"in2DMode":false,"pivot":{"x":884.2599487304688,"y":295.75555419921877,"z":309.6743469238281},"rotation":{"x":-0.004075793549418449,"y":0.9932953715324402,"z":-0.10951386392116547,"w":-0.03696661442518234},"size":0.18576300144195558,"orthographic":false}