{"cameraMode":{"drawMode":0,"name":"Shaded","section":"Shading Mode"},"sceneLighting":false,"audioPlay":false,"sceneViewState":{"m_AlwaysRefresh":false,"showFog":true,"showSkybox":false,"showFlares":true,"showImageEffects":true,"showParticleSystems":true,"showVisualEffectGraphs":true,"m_FxEnabled":true},"in2DMode":false,"pivot":{"x":0.08336329460144043,"y":-0.09020030498504639,"z":0.06630748510360718},"rotation":{"x":-0.039266426116228107,"y":0.04105404391884804,"z":-0.0016145729459822178,"w":-0.9983845949172974},"size":1.3054291009902955,"orthographic":false}