{"cameraMode":{"drawMode":0,"name":"Shaded","section":"Shading Mode"},"sceneLighting":false,"audioPlay":false,"sceneViewState":{"m_AlwaysRefresh":false,"showFog":true,"showSkybox":false,"showFlares":true,"showImageEffects":true,"showParticleSystems":true,"showVisualEffectGraphs":true,"m_FxEnabled":true},"in2DMode":false,"pivot":{"x":0.016956567764282228,"y":-0.002589583396911621,"z":-0.007597804069519043},"rotation":{"x":-0.039266426116228107,"y":0.04105404391884804,"z":-0.0016145729459822178,"w":-0.9983845949172974},"size":2.0713932514190676,"orthographic":false}