{"cameraMode":{"drawMode":0,"name":"Shaded","section":"Shading Mode"},"sceneLighting":false,"audioPlay":false,"sceneViewState":{"m_AlwaysRefresh":false,"showFog":true,"showSkybox":false,"showFlares":true,"showImageEffects":true,"showParticleSystems":true,"showVisualEffectGraphs":true,"m_FxEnabled":true},"in2DMode":false,"pivot":{"x":71.94308471679688,"y":-164.05404663085938,"z":674.1065673828125},"rotation":{"x":-0.015308478847146035,"y":-0.008401304483413697,"z":0.00012907234486192465,"w":-0.9998500347137451},"size":431.094970703125,"orthographic":false}