{"cameraMode":{"drawMode":0,"name":"Shaded","section":"Shading Mode"},"sceneLighting":true,"audioPlay":false,"sceneViewState":{"m_AlwaysRefresh":false,"showFog":true,"showSkybox":true,"showFlares":true,"showImageEffects":true,"showParticleSystems":true,"showVisualEffectGraphs":true,"m_FxEnabled":true},"in2DMode":false,"pivot":{"x":-1233.2911376953125,"y":486.2546691894531,"z":-1657.516845703125},"rotation":{"x":-0.011845622211694718,"y":-0.2719198763370514,"z":0.0033461216371506454,"w":-0.9622638821601868},"size":176.77670288085938,"orthographic":false}