{"cameraMode":{"drawMode":0,"name":"Shaded","section":"Shading Mode"},"sceneLighting":false,"audioPlay":false,"sceneViewState":{"m_AlwaysRefresh":false,"showFog":true,"showSkybox":false,"showFlares":true,"showImageEffects":true,"showParticleSystems":true,"showVisualEffectGraphs":true,"m_FxEnabled":true},"in2DMode":false,"pivot":{"x":-0.07518264651298523,"y":0.4885425269603729,"z":0.03626185655593872},"rotation":{"x":-0.049726702272892,"y":0.05001430585980415,"z":-0.0024931810330599548,"w":-0.9975076913833618},"size":1.4177078008651734,"orthographic":false}