{"cameraMode":{"drawMode":0,"name":"Shaded","section":"Shading Mode"},"sceneLighting":false,"audioPlay":false,"sceneViewState":{"m_AlwaysRefresh":false,"showFog":true,"showSkybox":false,"showFlares":true,"showImageEffects":true,"showParticleSystems":true,"showVisualEffectGraphs":true,"m_FxEnabled":true},"in2DMode":false,"pivot":{"x":-0.11855340003967285,"y":0.6093912124633789,"z":0.022791624069213868},"rotation":{"x":0.005106580443680286,"y":0.9827659130096436,"z":-0.027435433119535447,"w":0.18279902637004853},"size":1.1056866645812989,"orthographic":false}