{"cameraMode":{"drawMode":0,"name":"Shaded","section":"Shading Mode"},"sceneLighting":true,"audioPlay":false,"sceneViewState":{"m_AlwaysRefresh":false,"showFog":true,"showSkybox":true,"showFlares":true,"showImageEffects":true,"showParticleSystems":true,"showVisualEffectGraphs":true,"m_FxEnabled":true},"in2DMode":false,"pivot":{"x":-9.871246337890625,"y":-140.95587158203126,"z":88.8504867553711},"rotation":{"x":0.009307526051998139,"y":0.020992565900087358,"z":-0.00019573121971916407,"w":0.9997413158416748},"size":152.80398559570313,"orthographic":false}