{"cameraMode":{"drawMode":0,"name":"Shaded","section":"Shading Mode"},"sceneLighting":false,"audioPlay":false,"sceneViewState":{"m_AlwaysRefresh":false,"showFog":true,"showSkybox":false,"showFlares":true,"showImageEffects":true,"showParticleSystems":true,"showVisualEffectGraphs":true,"m_FxEnabled":true},"in2DMode":false,"pivot":{"x":3.9627342224121095,"y":4.065083026885986,"z":10.907927513122559},"rotation":{"x":-0.13280659914016725,"y":-0.18557649850845338,"z":0.02531442791223526,"w":-0.9733108878135681},"size":25.147052764892579,"orthographic":false}