{"cameraMode":{"drawMode":0,"name":"Shaded","section":"Shading Mode"},"sceneLighting":true,"audioPlay":false,"sceneViewState":{"m_AlwaysRefresh":false,"showFog":true,"showSkybox":true,"showFlares":true,"showImageEffects":true,"showParticleSystems":true,"showVisualEffectGraphs":true,"m_FxEnabled":true},"in2DMode":false,"pivot":{"x":0.8811652064323425,"y":0.04636956751346588,"z":-1.6157561540603638},"rotation":{"x":-0.039693769067525867,"y":-0.7298445701599121,"z":0.042532071471214297,"w":-0.681140661239624},"size":0.8660253882408142,"orthographic":false}