{"cameraMode":{"drawMode":0,"name":"Shaded","section":"Shading Mode"},"sceneLighting":true,"audioPlay":false,"sceneViewState":{"m_AlwaysRefresh":false,"showFog":true,"showSkybox":true,"showFlares":true,"showImageEffects":true,"showParticleSystems":true,"showVisualEffectGraphs":true,"m_FxEnabled":true},"in2DMode":false,"pivot":{"x":-12.396299362182618,"y":59.68816375732422,"z":47.719791412353519},"rotation":{"x":0.0010586599819362164,"y":0.9989429116249085,"z":-0.031786832958459857,"w":0.03327860310673714},"size":14.10616397857666,"orthographic":false}