{"cameraMode":{"drawMode":0,"name":"Shaded","section":"Shading Mode"},"sceneLighting":false,"audioPlay":false,"sceneViewState":{"m_AlwaysRefresh":false,"showFog":true,"showSkybox":false,"showFlares":true,"showImageEffects":true,"showParticleSystems":true,"showVisualEffectGraphs":true,"m_FxEnabled":true},"in2DMode":false,"pivot":{"x":-1329.8463134765625,"y":214.11277770996095,"z":69.85748291015625},"rotation":{"x":0.008684759959578514,"y":0.9849929809570313,"z":-0.1643284559249878,"w":0.052056990563869479},"size":808.2937622070313,"orthographic":false}