{"cameraMode":{"drawMode":0,"name":"Shaded","section":"Shading Mode"},"sceneLighting":true,"audioPlay":false,"sceneViewState":{"m_AlwaysRefresh":false,"showFog":true,"showSkybox":true,"showFlares":true,"showImageEffects":true,"showParticleSystems":true,"showVisualEffectGraphs":true,"m_FxEnabled":true},"in2DMode":false,"pivot":{"x":-1.7714821100234986,"y":-0.11535075306892395,"z":11.208527565002442},"rotation":{"x":-0.039266426116228107,"y":0.04105404391884804,"z":-0.0016145729459822178,"w":-0.9983845949172974},"size":8.2173433303833,"orthographic":false}